
{
   "allowSleep" : true,
   "autoClearForces" : true,
   "body" : 
   [
      
      {
         "angle" : 0.01438856124877930,
         "angularVelocity" : 0,
         "awake" : true,
         "fixture" : 
         [
            
            {
               "circle" : 
               {
                  "center" : 
                  {
                     "x" : 1.191969971614526e-07,
                     "y" : -1.715189990036947e-09
                  },
                  "radius" : 0.4145939946174622
               },
               "density" : 1,
               "friction" : 5.0,
               "name" : "fixture3"
            }
         ],
         "linearVelocity" : 0,
         "massData-I" : 0.04641003906726837,
         "massData-center" : 
         {
            "x" : 1.191969971614526e-07,
            "y" : -1.715189879014645e-09
         },
         "massData-mass" : 0.5400026440620422,
         "name" : "car_wheel2",
         "position" : 
         {
            "x" : 0.7602890133857727,
            "y" : 1.777959942817688
         },
         "type" : 2
      },
      
      {
         "angle" : 0,
         "angularVelocity" : 0,
         "awake" : true,
         "fixture" : 
         [
            
            {
               "circle" : 
               {
                  "center" : 
                  {
                     "x" : 0,
                     "y" : -2.980229929505640e-08
                  },
                  "radius" : 0.4072470068931580
               },
               "density" : 1,
               "friction" : 5.0,
               "name" : "fixture1"
            }
         ],
         "linearVelocity" : 0,
         "massData-I" : 0.04320673644542694,
         "massData-center" : 
         {
            "x" : 0,
            "y" : -2.980229929505640e-08
         },
         "massData-mass" : 0.5210335254669189,
         "name" : "car_wheel1",
         "position" : 
         {
            "x" : -1.218080043792725,
            "y" : 1.808529973030090
         },
         "type" : 2
      },
      
      {
         "angle" : 0,
         "angularVelocity" : 0,
         "awake" : true,
         "fixture" : 
         [
            
            {
               "density" : 1,
               "friction" : 0.2,
               "name" : "roof_fixture",
               "polygon" : 
               {
                  "vertices" : 
                  {
                     "x" : 
                     [
                        0.6359596252441406,
                        0.6359596252441406,
                        -1.102044582366943,
                        -1.102044582366943
                     ],
                     "y" : 
                     [
                        0.7342600822448730,
                        1.064379334449768,
                        1.064379334449768,
                        0.7342600822448730
                     ]
                  }
               }
            },
            
            {
               "density" : 1,
               "friction" : 0.2,
               "name" : "main_fixture",
               "polygon" : 
               {
                  "vertices" : 
                  {
                     "x" : 
                     [
                        1.928429961204529,
                        1.249439954757690,
                        -1.288030028343201,
                        -1.910699963569641,
                        -1.926859974861145,
                        1.908579945564270
                     ],
                     "y" : 
                     [
                        0.09697069972753525,
                        0.1271910071372986,
                        0.1289860010147095,
                        0.1215429976582527,
                        -0.5225009918212891,
                        -0.5584700107574463
                     ]
                  }
               }
            },
            
            {
               "density" : 1,
               "friction" : 0.2,
               "name" : "main_fixture",
               "polygon" : 
               {
                  "vertices" : 
                  {
                     "x" : 
                     [
                        1.249439954757690,
                        0.6355310082435608,
                        -1.088400006294250,
                        -1.288030028343201
                     ],
                     "y" : 
                     [
                        0.1271910071372986,
                        0.8692439794540405,
                        0.8980230093002319,
                        0.1289860010147095
                     ]
                  }
               }
            }
         ],
         "linearVelocity" : 0,
         "massData-I" : 5.070740222930908,
         "massData-center" : 
         {
            "x" : -0.06435750424861908,
            "y" : 0.1603476703166962
         },
         "massData-mass" : 4.733883380889893,
         "name" : "car_chassi",
         "position" : 
         {
            "x" : -0.2040829956531525,
            "y" : 2.308160066604614
         },
         "type" : 2
      }
   ],
   "collisionbitplanes" : 
   {
      "names" : 
      [
         "bitplane1",
         "bitplane2",
         "bitplane3",
         "bitplane4",
         "bitplane5",
         "bitplane6",
         "bitplane7",
         "bitplane8",
         "bitplane9",
         "bitplane10",
         "bitplane11",
         "bitplane12",
         "bitplane13",
         "bitplane14",
         "bitplane15",
         "bitplane16",
         "bitplane17",
         "bitplane18",
         "bitplane19",
         "bitplane20",
         "bitplane21",
         "bitplane22",
         "bitplane23",
         "bitplane24",
         "bitplane25",
         "bitplane26",
         "bitplane27",
         "bitplane28",
         "bitplane29",
         "bitplane30",
         "bitplane31",
         "bitplane32"
      ]
   },
   "continuousPhysics" : true,
   "customProperties" : 
   [
      
      {
         "int" : 300,
         "name" : "max_fuel"
      },
      
      {
         "int" : 5,
         "name" : "max_life"
      },
      
      {
         "float" : -10.0,
         "name" : "actor_view_lower_x"
      },
      
      {
         "float" : -4.0,
         "name" : "actor_view_lower_y"
      },
      
      {
         "float" : -6.0,
         "name" : "actor_view_upper_x"
      },
      
      {
         "float" : 4.0,
         "name" : "actor_view_upper_y"
      },
      
      {
         "float" : 1.0,
         "name" : "hit_threshold"
      },
      
      {
         "float" : 100.0,
         "name" : "rocket_power"
      },
      
      {
         "float" : -1.0,
         "name" : "viewport_height"
      },
      
      {
         "float" : 25.0,
         "name" : "viewport_width"
      },
      
      {
         "float" : 100.0,
         "name" : "wheel_power"
      },
      
      {
         "name" : "actor",
         "string" : "car_chassi"
      },
      
      {
         "name" : "roof_fixture",
         "string" : "roof_fixture"
      },
      
      {
         "name" : "wheel1",
         "string" : "car_wheel1"
      },
      
      {
         "name" : "wheel2",
         "string" : "car_wheel2"
      }
   ],
   "gravity" : 
   {
      "x" : 0,
      "y" : -10.0
   },
   "image" : 
   [
      
      {
         "body" : 2,
         "center" : 0,
         "corners" : 
         {
            "x" : 
            [
               -2.132812976837158,
               2.132812976837158,
               2.132812976837158,
               -2.132812976837158
            ],
            "y" : 
            [
               -1.134474992752075,
               -1.134474992752075,
               1.134474992752075,
               1.134474992752075
            ]
         },
         "file" : "images/car_chassi.png",
         "filter" : 1,
         "glDrawElements" : [ 0, 1, 2, 2, 3, 0 ],
         "glTexCoordPointer" : [ 0.0, 0.0, 1.0, 0.0, 1.0, 1.0, 0.0, 1.0 ],