
{
   "allowSleep" : true,
   "autoClearForces" : true,
   "body" : 
   [
      
      {
         "angle" : 0,
         "angularVelocity" : 0,
         "awake" : true,
         "fixture" : 
         [
            
            {
               "circle" : 
               {
                  "center" : 0,
                  "radius" : 0.9603032469749451
               },
               "density" : 1,
               "friction" : 0.2,
               "name" : "fixture2"
            }
         ],
         "linearVelocity" : 0,
         "massData-I" : 1.335837006568909,
         "massData-mass" : 2.897121191024780,
         "name" : "body0",
         "position" : 
         {
            "x" : -0.2223181426525116,
            "y" : 6.988819599151611
         },
         "type" : 2
      },
      
      {
         "angle" : 0,
         "angularVelocity" : 0,
         "awake" : true,
         "fixture" : 
         [
            
            {
               "circle" : 
               {
                  "center" : 0,
                  "radius" : 0.8337645530700684
               },
               "density" : 1,
               "friction" : 0.2,
               "name" : "fixture2"
            }
         ],
         "linearVelocity" : 0,
         "massData-I" : 0.7590906023979187,
         "massData-mass" : 2.183920145034790,
         "name" : "body0",
         "position" : 
         {
            "x" : -5.446420192718506,
            "y" : 4.423366069793701
         },
         "type" : 2
      },
      
      {
         "angle" : 0,
         "angularVelocity" : 0,
         "awake" : true,
         "fixture" : 
         [
            
            {
               "circle" : 
               {
                  "center" : 0,
                  "radius" : 0.7870010733604431
               },
               "density" : 1,
               "friction" : 0.2,
               "name" : "fixture2"
            }
         ],
         "linearVelocity" : 0,
         "massData-I" : 0.6025890111923218,
         "massData-mass" : 1.945810437202454,
         "name" : "body0",
         "position" : 
         {
            "x" : -5.851409435272217,
            "y" : 0.1380924135446548
         },
         "type" : 2
      },
      
      {
         "angle" : 0,
         "angularVelocity" : 0,
         "awake" : true,
         "fixture" : 
         [
            
            {
               "circle" : 
               {
                  "center" : 0,
                  "radius" : 1.012552857398987
               },
               "density" : 1,
               "friction" : 0.2,
               "name" : "fixture2"
            }
         ],
         "linearVelocity" : 0,
         "massData-I" : 1.651165843009949,
         "massData-mass" : 3.220959663391113,
         "name" : "body0",
         "position" : 
         {
            "x" : -3.697969436645508,
            "y" : -3.423361063003540
         },
         "type" : 2
      },
      
      {
         "angle" : 0,
         "angularVelocity" : 0,
         "awake" : true,
         "fixture" : 
         [
            
            {
               "circle" : 
               {
                  "center" : 
                  {
                     "x" : 0,
                     "y" : 2.384185791015625e-07
                  },
                  "radius" : 0.8224551677703857
               },
               "density" : 1,
               "friction" : 0.2,
               "name" : "fixture2"
            }
         ],
         "linearVelocity" : 0,
         "massData-I" : 0.7187349796295166,
         "massData-center" : 
         {
            "x" : 0,
            "y" : 2.384185791015625e-07
         },
         "massData-mass" : 2.125075340270996,
         "name" : "body0",
         "position" : 
         {
            "x" : -0.5258183479309082,
            "y" : -3.887608766555786
         },
         "type" : 2
      },
      
      {
         "angle" : 0,
         "angularVelocity" : 0,
         "awake" : true,
         "fixture" : 
         [
            
            {
               "circle" : 
               {
                  "center" : 0,
                  "radius" : 0.8693420886993408
               },
               "density" : 1,
               "friction" : 0.2,
               "name" : "fixture2"
            }
         ],
         "linearVelocity" : 0,
         "massData-I" : 0.8971863985061646,
         "massData-mass" : 2.374276399612427,
         "name" : "body0",
         "position" : 
         {
            "x" : 3.662258148193359,
            "y" : -3.255887508392334
         },
         "type" : 2
      },
      
      {
         "angle" : 0,
         "angularVelocity" : 0,
         "awake" : true,
         "fixture" : 
         [
            
            {
               "circle" : 
               {
                  "center" : 
                  {
                     "x" : 0,
                     "y" : -2.980232238769531e-08
                  },
                  "radius" : 0.8804233670234680
               },
               "density" : 1,
               "friction" : 0.2,
               "name" : "fixture2"
            }
         ],
         "linearVelocity" : 0,
         "massData-I" : 0.9438133835792542,
         "massData-center" : 
         {
            "x" : 0,
            "y" : -2.980232238769531e-08
         },
         "massData-mass" : 2.435190916061401,
         "name" : "body0",
         "position" : 
         {
            "x" : 3.874062776565552,
            "y" : -0.2893845736980438
         },
         "type" : 2
      },
      
      {
         "angle" : 0,
         "angularVelocity" : 0,
         "awake" : true,
         "fixture" : 
         [
            
            {
               "circle" : 
               {
                  "center" : 0,
                  "radius" : 0.9572345018386841
               },
               "density" : 1,
               "friction" : 0.2,
               "name" : "fixture2"
            }
         ],
         "linearVelocity" : 0,
         "massData-I" : 1.318843483924866,
         "massData-mass" : 2.878634691238403,
         "name" : "body0",
         "position" : 
         {
            "x" : -12.08952903747559,
            "y" : 13.85242271423340
         },
         "type" : 2
      },
      
      {
         "angle" : 0,
         "angularVelocity" : 0,
         "awake" : true,
         "fixture" : 
         [
            
            {
               "density" : 1,
               "friction" : 0.2,
               "name" : "fixture1",
               "polygon" : 
               {
                  "vertices" : 
                  {
                     "x" : 
                     [
                        2.650157213211060,
                        2.650157213211060,
                        -2.650157213211060,
                        -2.650157213211060
                     ],
                     "y" : 
                     [
                        -2.650157213211060,
                        2.650157213211060,
                        2.650157213211060,
                        -2.650157213211060
                     ]
                  }
               }
            }
         ],
         "linearVelocity" : 0,
         "massData-I" : 131.5392303466797,
         "massData-mass" : 28.09333229064941,
         "name" : "apan2",
         "position" : 
         {
            "x" : 10.45603370666504,
            "y" : 4.640270709991455
         },
         "type" : 2
      },
      
      {
         "angle" : 0,
         "angularVelocity" : 0,
         "awake" : true,
         "fixture" : 
         [
            
            {
               "density" : 1,
               "friction" : 0.2,
               "name" : "fixture1",